year,total_days,total_revenue,total_sales,total_expenditure,total_profit,avg_daily_revenue,avg_daily_profit,avg_profit_margin,max_daily_revenue,min_daily_revenue,max_daily_profit,min_daily_profit,profitable_days,loss_days,revenue_growth_yoy,profit_growth_yoy
2021,365,17295457,17401531,11648317,5647140,47384.81369863014,15471.616438356165,26.266739726027392,79032,19454,49145,-52863,313,52,,
2022,365,19540251,19468513,13396009,6144242,53534.93424657534,16833.539726027397,24.94531506849315,149332,22407,109808,-17234,310,55,12.979096186935092,8.802721377546874
2023,365,21859533,22028082,15316729,6542804,59889.13150684931,17925.490410958904,23.790082191780826,139521,25102,95307,-35220,307,58,11.869253880106246,6.486756218260936
2024,366,24359901,24367539,17044832,7315069,66557.10655737705,19986.52732240437,23.01628415300546,183236,28644,137716,-45270,290,76,11.43834134059496,11.803272725271906
2025,222,15397519,15482550,11227552,4169967,69358.1936936937,18783.635135135137,21.076306306306307,104957,32316,54525,-36444,181,41,-36.79153704278191,-42.994837095863346
